Date	Open	High	Low	Close	Volume
Monday, December 6, 2010 12:00:00 AM UTC	50.1	50.1	50.1	50.1	1
Tuesday, December 7, 2010 12:00:00 AM UTC	50.1	50.1	50.1	50.1	0
Wednesday, December 8, 2010 12:00:00 AM UTC	50.0	50.0	50.0	50.0	5
Thursday, December 9, 2010 12:00:00 AM UTC	50.0	50.0	50.0	50.0	0
Friday, December 10, 2010 12:00:00 AM UTC	50.0	50.0	50.0	50.0	0
Saturday, December 11, 2010 12:00:00 AM UTC	50.0	50.0	50.0	50.0	0
Sunday, December 12, 2010 12:00:00 AM UTC	50.0	50.0	50.0	50.0	0
Monday, December 13, 2010 12:00:00 AM UTC	50.0	50.0	50.0	50.0	0
Tuesday, December 14, 2010 12:00:00 AM UTC	50.0	50.0	50.0	50.0	0
Wednesday, December 15, 2010 12:00:00 AM UTC	55.0	55.0	55.0	55.0	67
Thursday, December 16, 2010 12:00:00 AM UTC	55.0	55.0	55.0	55.0	0
Friday, December 17, 2010 12:00:00 AM UTC	55.0	55.0	55.0	55.0	0
Saturday, December 18, 2010 12:00:00 AM UTC	55.0	55.0	54.5	55.0	4
Sunday, December 19, 2010 12:00:00 AM UTC	55.0	55.0	55.0	55.0	0
Monday, December 20, 2010 12:00:00 AM UTC	55.0	55.0	55.0	55.0	31
Tuesday, December 21, 2010 12:00:00 AM UTC	55.0	55.0	55.0	55.0	0
Wednesday, December 22, 2010 12:00:00 AM UTC	55.0	55.0	55.0	55.0	0
Thursday, December 23, 2010 12:00:00 AM UTC	54.9	55.0	54.9	55.0	20
Friday, December 24, 2010 12:00:00 AM UTC	55.0	55.0	55.0	55.0	0
Saturday, December 25, 2010 12:00:00 AM UTC	55.0	55.0	54.9	55.0	80
Sunday, December 26, 2010 12:00:00 AM UTC	55.0	55.0	55.0	55.0	0
Monday, December 27, 2010 12:00:00 AM UTC	55.0	55.0	55.0	55.0	0
Tuesday, December 28, 2010 12:00:00 AM UTC	55.0	55.0	55.0	55.0	0
Wednesday, December 29, 2010 12:00:00 AM UTC	55.0	55.0	55.0	55.0	0
Thursday, December 30, 2010 12:00:00 AM UTC	55.0	55.0	55.0	55.0	0
Friday, December 31, 2010 12:00:00 AM UTC	55.0	55.0	54.9	55.0	103
Saturday, January 1, 2011 12:00:00 AM UTC	55.0	55.0	55.0	55.0	0
Sunday, January 2, 2011 12:00:00 AM UTC	55.0	55.0	55.0	55.0	0
Monday, January 3, 2011 12:00:00 AM UTC	56.0	56.0	55.9	56.0	101
Tuesday, January 4, 2011 12:00:00 AM UTC	57.0	57.0	57.0	57.0	100
Wednesday, January 5, 2011 12:00:00 AM UTC	56.1	56.6	56.1	56.1	15
Thursday, January 6, 2011 12:00:00 AM UTC	56.1	56.1	56.1	56.1	0
Friday, January 7, 2011 12:00:00 AM UTC	56.1	56.1	56.1	56.1	0
Saturday, January 8, 2011 12:00:00 AM UTC	57.9	57.9	57.9	57.9	10
Sunday, January 9, 2011 12:00:00 AM UTC	58.0	58.0	57.9	58.0	110
Monday, January 10, 2011 12:00:00 AM UTC	58.0	58.0	58.0	58.0	0
Tuesday, January 11, 2011 12:00:00 AM UTC	58.0	58.0	58.0	58.0	0
Wednesday, January 12, 2011 12:00:00 AM UTC	58.0	58.0	58.0	58.0	0
Thursday, January 13, 2011 12:00:00 AM UTC	58.0	58.0	58.0	58.0	0
Friday, January 14, 2011 12:00:00 AM UTC	58.9	58.9	58.9	58.9	20
Saturday, January 15, 2011 12:00:00 AM UTC	58.9	58.9	58.9	58.9	0
Sunday, January 16, 2011 12:00:00 AM UTC	58.9	58.9	58.9	58.9	0
Monday, January 17, 2011 12:00:00 AM UTC	58.9	58.9	58.9	58.9	0
Tuesday, January 18, 2011 12:00:00 AM UTC	58.9	58.9	58.9	58.9	0
Wednesday, January 19, 2011 12:00:00 AM UTC	58.9	58.9	58.9	58.9	0
Thursday, January 20, 2011 12:00:00 AM UTC	58.9	58.9	56.6	56.6	110
Friday, January 21, 2011 12:00:00 AM UTC	59.9	59.9	59.9	59.9	10
Saturday, January 22, 2011 12:00:00 AM UTC	59.9	59.9	59.9	59.9	0
Sunday, January 23, 2011 12:00:00 AM UTC	59.9	59.9	59.9	59.9	0
Monday, January 24, 2011 12:00:00 AM UTC	62.1	62.1	62.1	62.1	10
Tuesday, January 25, 2011 12:00:00 AM UTC	62.1	62.1	62.1	62.1	0
Wednesday, January 26, 2011 12:00:00 AM UTC	62.0	62.0	62.0	62.0	1
Thursday, January 27, 2011 12:00:00 AM UTC	62.0	62.0	62.0	62.0	0
Friday, January 28, 2011 12:00:00 AM UTC	62.0	62.0	62.0	62.0	0
Saturday, January 29, 2011 12:00:00 AM UTC	62.0	62.2	58.2	62.2	15
Sunday, January 30, 2011 12:00:00 AM UTC	62.2	62.2	62.2	62.2	0
Monday, January 31, 2011 12:00:00 AM UTC	62.2	62.2	62.2	62.2	29
Tuesday, February 1, 2011 12:00:00 AM UTC	62.2	62.2	62.2	62.2	0
Wednesday, February 2, 2011 12:00:00 AM UTC	60.0	60.0	60.0	60.0	1
Thursday, February 3, 2011 12:00:00 AM UTC	60.0	60.0	60.0	60.0	0
Friday, February 4, 2011 12:00:00 AM UTC	60.0	60.0	60.0	60.0	0
Saturday, February 5, 2011 12:00:00 AM UTC	61.0	61.0	61.0	61.0	1
Sunday, February 6, 2011 12:00:00 AM UTC	61.0	61.0	61.0	61.0	0
Monday, February 7, 2011 12:00:00 AM UTC	61.0	61.0	61.0	61.0	0
Tuesday, February 8, 2011 12:00:00 AM UTC	61.0	61.0	61.0	61.0	0
Wednesday, February 9, 2011 12:00:00 AM UTC	61.0	61.0	61.0	61.0	0
Thursday, February 10, 2011 12:00:00 AM UTC	60.1	60.2	59.8	59.8	20
Friday, February 11, 2011 12:00:00 AM UTC	59.8	59.8	59.8	59.8	0
Saturday, February 12, 2011 12:00:00 AM UTC	59.4	59.4	59.4	59.4	5
Sunday, February 13, 2011 12:00:00 AM UTC	59.4	59.4	59.4	59.4	0
Monday, February 14, 2011 12:00:00 AM UTC	59.4	59.4	59.4	59.4	0
Tuesday, February 15, 2011 12:00:00 AM UTC	59.4	59.4	59.4	59.4	0
Wednesday, February 16, 2011 12:00:00 AM UTC	60.0	60.0	60.0	60.0	6
Thursday, February 17, 2011 12:00:00 AM UTC	60.0	60.0	60.0	60.0	0
Friday, February 18, 2011 12:00:00 AM UTC	60.0	60.0	60.0	60.0	0
Saturday, February 19, 2011 12:00:00 AM UTC	60.0	60.0	60.0	60.0	0
Sunday, February 20, 2011 12:00:00 AM UTC	60.0	60.0	60.0	60.0	0
Monday, February 21, 2011 12:00:00 AM UTC	60.0	60.0	60.0	60.0	0
Tuesday, February 22, 2011 12:00:00 AM UTC	60.0	60.0	60.0	60.0	0
Wednesday, February 23, 2011 12:00:00 AM UTC	60.0	60.0	60.0	60.0	0
Thursday, February 24, 2011 12:00:00 AM UTC	64.8	64.8	60.6	64.8	100
Friday, February 25, 2011 12:00:00 AM UTC	63.8	63.8	63.8	63.8	1
Saturday, February 26, 2011 12:00:00 AM UTC	63.8	63.8	63.8	63.8	0
Sunday, February 27, 2011 12:00:00 AM UTC	63.8	63.8	63.8	63.8	0
Monday, February 28, 2011 12:00:00 AM UTC	63.8	63.8	63.8	63.8	0
Tuesday, March 1, 2011 12:00:00 AM UTC	63.5	63.5	63.5	63.5	1
Wednesday, March 2, 2011 12:00:00 AM UTC	63.6	63.6	63.5	63.6	13
Thursday, March 3, 2011 12:00:00 AM UTC	64.0	64.0	64.0	64.0	12
Friday, March 4, 2011 12:00:00 AM UTC	64.0	64.0	64.0	64.0	0
Saturday, March 5, 2011 12:00:00 AM UTC	61.1	61.1	61.1	61.1	5
Sunday, March 6, 2011 12:00:00 AM UTC	61.1	61.1	61.1	61.1	26
Monday, March 7, 2011 12:00:00 AM UTC	61.1	61.1	61.1	61.1	69
Tuesday, March 8, 2011 12:00:00 AM UTC	61.1	61.1	61.1	61.1	0
Wednesday, March 9, 2011 12:00:00 AM UTC	63.9	63.9	62.8	62.8	12
Thursday, March 10, 2011 12:00:00 AM UTC	62.7	62.8	62.7	62.7	22
Friday, March 11, 2011 12:00:00 AM UTC	60.8	60.8	60.8	60.8	5
Saturday, March 12, 2011 12:00:00 AM UTC	61.5	62.0	61.4	62.0	31
Sunday, March 13, 2011 12:00:00 AM UTC	62.0	62.0	62.0	62.0	0
Monday, March 14, 2011 12:00:00 AM UTC	62.0	62.0	62.0	62.0	0
Tuesday, March 15, 2011 12:00:00 AM UTC	61.3	61.7	61.1	61.7	41
Wednesday, March 16, 2011 12:00:00 AM UTC	61.7	62.0	61.7	62.0	111
Thursday, March 17, 2011 12:00:00 AM UTC	62.9	63.0	62.9	63.0	47
Friday, March 18, 2011 12:00:00 AM UTC	63.0	63.0	63.0	63.0	0
Saturday, March 19, 2011 12:00:00 AM UTC	63.0	63.0	63.0	63.0	0
Sunday, March 20, 2011 12:00:00 AM UTC	63.0	63.0	63.0	63.0	0
Monday, March 21, 2011 12:00:00 AM UTC	61.1	61.1	61.1	61.1	1
Tuesday, March 22, 2011 12:00:00 AM UTC	61.1	61.1	61.1	61.1	0
Wednesday, March 23, 2011 12:00:00 AM UTC	61.0	61.2	61.0	61.0	53
Thursday, March 24, 2011 12:00:00 AM UTC	61.0	61.0	61.0	61.0	47
Friday, March 25, 2011 12:00:00 AM UTC	61.0	61.0	61.0	61.0	0
Saturday, March 26, 2011 12:00:00 AM UTC	60.8	60.9	60.8	60.8	10
Sunday, March 27, 2011 12:00:00 AM UTC	60.8	60.8	60.8	60.8	0
Monday, March 28, 2011 12:00:00 AM UTC	60.8	60.8	60.8	60.8	0
Tuesday, March 29, 2011 12:00:00 AM UTC	63.0	64.9	61.9	63.0	170
Wednesday, March 30, 2011 12:00:00 AM UTC	64.0	64.0	63.9	64.0	26
Thursday, March 31, 2011 12:00:00 AM UTC	64.0	64.0	64.0	64.0	0
Friday, April 1, 2011 12:00:00 AM UTC	63.1	63.1	60.8	60.8	149
Saturday, April 2, 2011 12:00:00 AM UTC	60.8	60.8	60.8	60.8	0
Sunday, April 3, 2011 12:00:00 AM UTC	59.9	59.9	59.5	59.5	115
Monday, April 4, 2011 12:00:00 AM UTC	59.4	59.4	59.4	59.4	5
Tuesday, April 5, 2011 12:00:00 AM UTC	59.1	59.9	59.0	59.9	162
Wednesday, April 6, 2011 12:00:00 AM UTC	59.04	59.8	59.0	59.8	90
Thursday, April 7, 2011 12:00:00 AM UTC	59.1	59.6	59.1	59.1	100
Friday, April 8, 2011 12:00:00 AM UTC	59.1	59.1	59.1	59.1	0
Saturday, April 9, 2011 12:00:00 AM UTC	59.1	59.1	59.1	59.1	0
Sunday, April 10, 2011 12:00:00 AM UTC	59.4	59.4	59.4	59.4	10
Monday, April 11, 2011 12:00:00 AM UTC	59.5	59.5	59.5	59.5	50
Tuesday, April 12, 2011 12:00:00 AM UTC	59.5	59.5	59.5	59.5	0
Wednesday, April 13, 2011 12:00:00 AM UTC	59.9	59.9	59.9	59.9	2
Thursday, April 14, 2011 12:00:00 AM UTC	60.0	60.0	59.2	59.2	104
Friday, April 15, 2011 12:00:00 AM UTC	59.0	59.6	59.0	59.6	7
Saturday, April 16, 2011 12:00:00 AM UTC	59.1	59.9	59.1	59.9	695
Sunday, April 17, 2011 12:00:00 AM UTC	59.3	59.3	59.0	59.0	16
Monday, April 18, 2011 12:00:00 AM UTC	59.1	59.1	59.1	59.1	59
Tuesday, April 19, 2011 12:00:00 AM UTC	59.7	59.7	58.9	58.9	31
Wednesday, April 20, 2011 12:00:00 AM UTC	59.0	59.0	59.0	59.0	3
Thursday, April 21, 2011 12:00:00 AM UTC	59.0	59.0	59.0	59.0	36
Friday, April 22, 2011 12:00:00 AM UTC	59.0	59.0	58.6	58.6	11
Saturday, April 23, 2011 12:00:00 AM UTC	58.3	58.3	58.3	58.3	9
Sunday, April 24, 2011 12:00:00 AM UTC	58.2	58.3	58.2	58.2	62
Monday, April 25, 2011 12:00:00 AM UTC	58.2	59.9	58.2	59.0	371
Tuesday, April 26, 2011 12:00:00 AM UTC	58.5	59.4	58.5	59.0	225
Wednesday, April 27, 2011 12:00:00 AM UTC	59.7	59.7	58.9	58.9	35
Thursday, April 28, 2011 12:00:00 AM UTC	59.5	59.5	59.5	59.5	50
Friday, April 29, 2011 12:00:00 AM UTC	59.7	59.7	59.7	59.7	50
Saturday, April 30, 2011 12:00:00 AM UTC	59.0	59.0	58.9	58.9	20
Sunday, May 1, 2011 12:00:00 AM UTC	58.9	59.4	58.9	59.4	35
Monday, May 2, 2011 12:00:00 AM UTC	59.5	69.9	58.9	69.9	1737
Tuesday, May 3, 2011 12:00:00 AM UTC	64.0	65.5	60.0	62.4	742
Wednesday, May 4, 2011 12:00:00 AM UTC	60.0	62.5	60.0	61.9	169
Thursday, May 5, 2011 12:00:00 AM UTC	61.8	61.9	60.5	60.5	15
Friday, May 6, 2011 12:00:00 AM UTC	60.9	62.0	60.9	62.0	64
Saturday, May 7, 2011 12:00:00 AM UTC	60.5	60.9	60.1	60.1	141
Sunday, May 8, 2011 12:00:00 AM UTC	60.1	60.1	60.0	60.0	191
Monday, May 9, 2011 12:00:00 AM UTC	59.9	59.9	59.9	59.9	1
Tuesday, May 10, 2011 12:00:00 AM UTC	59.7	60.0	58.9	58.9	68
Wednesday, May 11, 2011 12:00:00 AM UTC	59.8	60.6	58.2	58.2	193
Thursday, May 12, 2011 12:00:00 AM UTC	58.5	59.4	58.5	58.5	307
Friday, May 13, 2011 12:00:00 AM UTC	58.7	59.1	58.7	59.1	3
Saturday, May 14, 2011 12:00:00 AM UTC	59.0	59.3	58.6	58.6	159
Sunday, May 15, 2011 12:00:00 AM UTC	59.2	59.4	58.6	58.9	54
Monday, May 16, 2011 12:00:00 AM UTC	58.9	60.0	58.6	59.9	225
Wednesday, May 18, 2011 12:00:00 AM UTC	60.1	60.7	58.7	58.7	112
Thursday, May 19, 2011 12:00:00 AM UTC	58.7	60.1	58.7	59.4	106
Friday, May 20, 2011 12:00:00 AM UTC	59.9	60.4	59.8	60.3	108
Saturday, May 21, 2011 12:00:00 AM UTC	60.4	60.5	60.1	60.1	119
Sunday, May 22, 2011 12:00:00 AM UTC	60.1	60.5	60.1	60.5	140
Monday, May 23, 2011 12:00:00 AM UTC	60.5	61.9	59.9	60.3	657
Tuesday, May 24, 2011 12:00:00 AM UTC	62.6	62.6	61.1	61.1	67
Wednesday, May 25, 2011 12:00:00 AM UTC	61.9	63.0	61.2	62.1	269
Thursday, May 26, 2011 12:00:00 AM UTC	62.0	62.5	61.0	61.0	262
Friday, May 27, 2011 12:00:00 AM UTC	60.0	62.3	59.9	60.6	763
Saturday, May 28, 2011 12:00:00 AM UTC	60.8	61.9	60.8	60.9	132
Sunday, May 29, 2011 12:00:00 AM UTC	61.9	61.9	60.8	60.9	22
Monday, May 30, 2011 12:00:00 AM UTC	61.8	61.8	61.2	61.5	21
Tuesday, May 31, 2011 12:00:00 AM UTC	62.0	62.4	61.5	62.4	203
Wednesday, June 1, 2011 12:00:00 AM UTC	62.4	62.4	61.3	61.3	173
Thursday, June 2, 2011 12:00:00 AM UTC	61.8	62.1	60.2	61.6	345
Friday, June 3, 2011 12:00:00 AM UTC	61.0	62.1	61.0	62.0	421
Saturday, June 4, 2011 12:00:00 AM UTC	61.0	61.3	60.8	61.0	150
Sunday, June 5, 2011 12:00:00 AM UTC	61.0	61.3	60.3	61.3	77
Monday, June 6, 2011 12:00:00 AM UTC	61.0	61.3	60.8	61.3	100
Tuesday, June 7, 2011 12:00:00 AM UTC	61.3	61.4	61.0	61.4	86
Wednesday, June 8, 2011 12:00:00 AM UTC	61.0	61.0	60.1	60.5	336
Thursday, June 9, 2011 12:00:00 AM UTC	60.9	60.9	60.5	60.9	560
Friday, June 10, 2011 12:00:00 AM UTC	60.9	61.3	60.9	61.3	12
Saturday, June 11, 2011 12:00:00 AM UTC	61.2	61.3	61.2	61.3	25
Sunday, June 12, 2011 12:00:00 AM UTC	61.3	61.4	61.3	61.3	52
Monday, June 13, 2011 12:00:00 AM UTC	61.2	61.3	60.9	60.9	45
Tuesday, June 14, 2011 12:00:00 AM UTC	61.0	61.1	60.9	61.0	154
Wednesday, June 15, 2011 12:00:00 AM UTC	60.9	61.3	60.5	60.9	132
Thursday, June 16, 2011 12:00:00 AM UTC	61.0	61.4	60.6	60.6	181
Friday, June 17, 2011 12:00:00 AM UTC	60.6	60.7	59.9	60.3	525
Saturday, June 18, 2011 12:00:00 AM UTC	60.4	60.4	60.1	60.3	86
Sunday, June 19, 2011 12:00:00 AM UTC	60.1	60.2	60.0	60.2	26
Monday, June 20, 2011 12:00:00 AM UTC	60.2	60.2	60.0	60.1	19
Tuesday, June 21, 2011 12:00:00 AM UTC	59.2	60.3	59.2	60.2	254
Wednesday, June 22, 2011 12:00:00 AM UTC	60.2	60.2	59.1	59.9	99
Thursday, June 23, 2011 12:00:00 AM UTC	59.8	59.8	58.1	58.2	620
Friday, June 24, 2011 12:00:00 AM UTC	58.3	58.4	57.7	57.7	3
Saturday, June 25, 2011 12:00:00 AM UTC	58.0	58.4	57.7	58.2	55
Sunday, June 26, 2011 12:00:00 AM UTC	57.8	58.0	57.6	57.6	118
Monday, June 27, 2011 12:00:00 AM UTC	57.5	57.6	55.9	56.0	236
Tuesday, June 28, 2011 12:00:00 AM UTC	56.4	57.0	56.4	57.0	37
Wednesday, June 29, 2011 12:00:00 AM UTC	56.5	57.0	56.2	57.0	125
Thursday, June 30, 2011 12:00:00 AM UTC	56.9	57.5	56.8	57.4	109
Friday, July 1, 2011 12:00:00 AM UTC	57.0	57.4	56.9	56.9	263
Saturday, July 2, 2011 12:00:00 AM UTC	57.3	57.4	56.9	57.0	82
Sunday, July 3, 2011 12:00:00 AM UTC	57.0	57.5	56.9	56.9	71
Monday, July 4, 2011 12:00:00 AM UTC	57.4	58.0	57.4	58.0	76
Tuesday, July 5, 2011 12:00:00 AM UTC	58.0	58.0	57.9	57.9	50
Wednesday, July 6, 2011 12:00:00 AM UTC	57.4	58.0	57.4	58.0	21
Thursday, July 7, 2011 12:00:00 AM UTC	58.0	58.0	57.4	57.4	22
Friday, July 8, 2011 12:00:00 AM UTC	57.9	58.5	57.9	58.5	93
Saturday, July 9, 2011 12:00:00 AM UTC	58.4	58.5	57.9	58.5	22
Sunday, July 10, 2011 12:00:00 AM UTC	57.9	58.0	57.9	57.9	11
Monday, July 11, 2011 12:00:00 AM UTC	57.9	57.9	57.9	57.9	2
Tuesday, July 12, 2011 12:00:00 AM UTC	58.0	58.3	57.0	58.3	108
Wednesday, July 13, 2011 12:00:00 AM UTC	58.1	58.5	58.1	58.5	4
Thursday, July 14, 2011 12:00:00 AM UTC	58.4	58.4	57.4	58.0	76
Friday, July 15, 2011 12:00:00 AM UTC	58.0	58.0	57.4	57.4	152
Saturday, July 16, 2011 12:00:00 AM UTC	56.7	57.4	56.7	57.4	108
Sunday, July 17, 2011 12:00:00 AM UTC	57.3	57.4	56.9	56.9	134
Monday, July 18, 2011 12:00:00 AM UTC	57.0	57.0	56.6	56.6	156
Tuesday, July 19, 2011 12:00:00 AM UTC	56.6	57.0	56.6	57.0	29
Wednesday, July 20, 2011 12:00:00 AM UTC	56.9	57.0	56.9	57.0	49
Thursday, July 21, 2011 12:00:00 AM UTC	57.0	57.2	55.0	56.4	383
Friday, July 22, 2011 12:00:00 AM UTC	56.4	57.4	55.9	56.2	365
Saturday, July 23, 2011 12:00:00 AM UTC	56.1	56.5	55.1	55.6	155
Sunday, July 24, 2011 12:00:00 AM UTC	56.0	56.0	55.9	56.0	160
Monday, July 25, 2011 12:00:00 AM UTC	56.5	56.5	56.3	56.3	75
Tuesday, July 26, 2011 12:00:00 AM UTC	56.5	57.0	56.5	56.8	51
Wednesday, July 27, 2011 12:00:00 AM UTC	55.0	56.8	55.0	56.0	231
Thursday, July 28, 2011 12:00:00 AM UTC	56.8	57.0	55.4	56.0	135
Friday, July 29, 2011 12:00:00 AM UTC	56.0	57.7	56.0	56.7	228
Saturday, July 30, 2011 12:00:00 AM UTC	56.1	56.4	56.0	56.0	95
Sunday, July 31, 2011 12:00:00 AM UTC	55.9	56.0	55.0	55.0	189
Monday, August 1, 2011 12:00:00 AM UTC	56.0	56.8	55.6	55.6	148
Tuesday, August 2, 2011 12:00:00 AM UTC	55.6	56.6	55.6	56.0	25
Wednesday, August 3, 2011 12:00:00 AM UTC	56.0	56.6	55.9	56.1	121
Thursday, August 4, 2011 12:00:00 AM UTC	55.9	56.1	55.4	55.4	130
Friday, August 5, 2011 12:00:00 AM UTC	55.6	55.6	54.0	54.0	212
Sunday, August 7, 2011 12:00:00 AM UTC	52.2	53.7	52.2	52.7	68
Monday, August 8, 2011 12:00:00 AM UTC	52.8	53.3	52.2	52.6	75
Tuesday, August 9, 2011 12:00:00 AM UTC	52.4	52.4	50.1	50.6	461
Wednesday, August 10, 2011 12:00:00 AM UTC	50.6	50.8	50.0	50.2	68
Thursday, August 11, 2011 12:00:00 AM UTC	50.6	50.6	50.2	50.6	31
Friday, August 12, 2011 12:00:00 AM UTC	50.3	50.7	49.7	50.2	210
Saturday, August 13, 2011 12:00:00 AM UTC	50.2	50.2	49.1	49.9	279
Sunday, August 14, 2011 12:00:00 AM UTC	49.8	49.9	49.0	49.5	168
Monday, August 15, 2011 12:00:00 AM UTC	49.7	50.5	49.5	50.5	440
Tuesday, August 16, 2011 12:00:00 AM UTC	50.5	52.2	50.4	52.0	329
Wednesday, August 17, 2011 12:00:00 AM UTC	52.1	52.2	51.5	51.5	163
Thursday, August 18, 2011 12:00:00 AM UTC	51.4	52.0	50.5	51.4	638
Friday, August 19, 2011 12:00:00 AM UTC	51.4	51.6	50.8	50.8	280
Saturday, August 20, 2011 12:00:00 AM UTC	51.2	51.4	48.5	48.5	351
Sunday, August 21, 2011 12:00:00 AM UTC	49.9	49.9	48.1	48.5	69
Monday, August 22, 2011 12:00:00 AM UTC	48.5	49.9	48.5	49.4	136
Tuesday, August 23, 2011 12:00:00 AM UTC	49.4	51.0	49.4	51.0	277
Wednesday, August 24, 2011 12:00:00 AM UTC	51.0	51.0	49.5	50.4	284
Thursday, August 25, 2011 12:00:00 AM UTC	51.0	51.5	50.4	50.4	127
Friday, August 26, 2011 12:00:00 AM UTC	50.4	51.9	50.2	51.0	152
Saturday, August 27, 2011 12:00:00 AM UTC	51.0	52.0	50.9	51.8	171
Sunday, August 28, 2011 12:00:00 AM UTC	50.9	51.5	50.8	50.9	41
Monday, August 29, 2011 12:00:00 AM UTC	51.0	51.0	50.6	51.0	117
Tuesday, August 30, 2011 12:00:00 AM UTC	51.1	52.0	51.0	51.4	372
Wednesday, August 31, 2011 12:00:00 AM UTC	52.0	52.2	51.0	51.4	78
Thursday, September 1, 2011 12:00:00 AM UTC	51.7	51.7	50.9	51.0	29
Friday, September 2, 2011 12:00:00 AM UTC	50.9	51.0	49.4	49.9	355
Saturday, September 3, 2011 12:00:00 AM UTC	50.0	50.5	48.6	50.3	412
Sunday, September 4, 2011 12:00:00 AM UTC	49.8	49.8	49.5	49.6	27
Monday, September 5, 2011 12:00:00 AM UTC	49.5	49.5	48.9	48.9	65
Tuesday, September 6, 2011 12:00:00 AM UTC	49.3	49.5	49.2	49.2	80
Wednesday, September 7, 2011 12:00:00 AM UTC	49.2	49.6	49.1	49.5	80
Thursday, September 8, 2011 12:00:00 AM UTC	49.6	51.0	49.5	50.6	356
Friday, September 9, 2011 12:00:00 AM UTC	50.7	50.8	49.6	49.6	196
Saturday, September 10, 2011 12:00:00 AM UTC	49.5	50.0	49.0	50.0	251
Sunday, September 11, 2011 12:00:00 AM UTC	50.08	50.4	49.8	50.0	388
Monday, September 12, 2011 12:00:00 AM UTC	50.0	50.0	49.8	49.8	256
Tuesday, September 13, 2011 12:00:00 AM UTC	50.0	50.5	49.8	50.1	250
Wednesday, September 14, 2011 12:00:00 AM UTC	50.0	50.4	49.4	49.8	327
Thursday, September 15, 2011 12:00:00 AM UTC	49.8	50.3	47.5	50.1	1160
Friday, September 16, 2011 12:00:00 AM UTC	49.9	51.9	49.4	50.9	1111
Saturday, September 17, 2011 12:00:00 AM UTC	50.1	51.6	49.8	50.0	869
Sunday, September 18, 2011 12:00:00 AM UTC	49.9	50.0	49.9	50.0	222
Monday, September 19, 2011 12:00:00 AM UTC	50.1	50.1	49.8	50.0	209
Tuesday, September 20, 2011 12:00:00 AM UTC	50.1	50.1	49.6	49.7	261
Wednesday, September 21, 2011 12:00:00 AM UTC	49.6	50.0	48.7	49.6	296
Thursday, September 22, 2011 12:00:00 AM UTC	49.6	49.8	49.0	49.0	417
Friday, September 23, 2011 12:00:00 AM UTC	49.1	49.5	48.1	48.6	381
Saturday, September 24, 2011 12:00:00 AM UTC	48.5	48.6	45.9	47.6	307
Sunday, September 25, 2011 12:00:00 AM UTC	47.3	48.6	47.3	48.6	46
Monday, September 26, 2011 12:00:00 AM UTC	48.4	48.5	48.0	48.5	40
Tuesday, September 27, 2011 12:00:00 AM UTC	48.5	48.7	47.2	47.5	257
Wednesday, September 28, 2011 12:00:00 AM UTC	47.9	47.9	47.4	47.4	159
Thursday, September 29, 2011 12:00:00 AM UTC	47.5	47.5	47.3	47.3	184
Friday, September 30, 2011 12:00:00 AM UTC	47.4	47.9	46.5	46.5	371
Saturday, October 1, 2011 12:00:00 AM UTC	47.0	50.6	47.0	47.9	1188
Sunday, October 2, 2011 12:00:00 AM UTC	48.0	48.0	47.6	47.6	51
Monday, October 3, 2011 12:00:00 AM UTC	47.4	47.5	46.9	47.4	30
Tuesday, October 4, 2011 12:00:00 AM UTC	47.4	47.5	46.5	46.5	135
Wednesday, October 5, 2011 12:00:00 AM UTC	46.5	49.6	45.1	47.0	1425
Thursday, October 6, 2011 12:00:00 AM UTC	46.6	48.0	46.5	47.0	593
Friday, October 7, 2011 12:00:00 AM UTC	48.0	48.8	45.9	48.0	1185
Saturday, October 8, 2011 12:00:00 AM UTC	47.5	48.0	47.1	47.2	172
Sunday, October 9, 2011 12:00:00 AM UTC	47.2	48.0	46.9	47.6	287
Monday, October 10, 2011 12:00:00 AM UTC	48.0	48.0	47.0	47.5	213
Tuesday, October 11, 2011 12:00:00 AM UTC	47.5	48.9	47.4	48.9	457
Wednesday, October 12, 2011 12:00:00 AM UTC	48.6	48.6	47.0	47.0	658
Thursday, October 13, 2011 12:00:00 AM UTC	46.1	48.5	46.1	47.7	557
Friday, October 14, 2011 12:00:00 AM UTC	48.0	48.7	47.1	48.5	608
Saturday, October 15, 2011 12:00:00 AM UTC	47.3	47.7	46.1	47.7	257
Sunday, October 16, 2011 12:00:00 AM UTC	47.2	47.8	46.5	46.5	333
Monday, October 17, 2011 12:00:00 AM UTC	47.4	47.4	46.9	47.3	28
Tuesday, October 18, 2011 12:00:00 AM UTC	47.3	48.2	47.0	47.9	269
Wednesday, October 19, 2011 12:00:00 AM UTC	47.9	50.0	47.9	48.4	2280
Thursday, October 20, 2011 12:00:00 AM UTC	48.7	48.7	48.2	48.5	46
Friday, October 21, 2011 12:00:00 AM UTC	48.5	49.5	48.4	49.1	160
Saturday, October 22, 2011 12:00:00 AM UTC	49.1	49.2	48.4	49.0	151
Sunday, October 23, 2011 12:00:00 AM UTC	49.0	49.0	48.6	48.6	135
Monday, October 24, 2011 12:00:00 AM UTC	49.0	49.1	48.7	49.1	74
Tuesday, October 25, 2011 12:00:00 AM UTC	49.2	49.2	48.8	48.8	49
Wednesday, October 26, 2011 12:00:00 AM UTC	48.8	48.9	48.3	48.7	283
Thursday, October 27, 2011 12:00:00 AM UTC	48.8	49.2	48.5	48.6	218
Friday, October 28, 2011 12:00:00 AM UTC	48.9	50.5	48.5	50.0	861
Saturday, October 29, 2011 12:00:00 AM UTC	50.3	51.0	49.2	49.2	757
Sunday, October 30, 2011 12:00:00 AM UTC	49.9	49.9	49.2	49.2	14
Monday, October 31, 2011 12:00:00 AM UTC	49.4	49.6	49.2	49.2	44
Tuesday, November 1, 2011 12:00:00 AM UTC	49.1	49.5	49.1	49.4	109
Wednesday, November 2, 2011 12:00:00 AM UTC	49.5	49.9	49.2	49.9	213
Thursday, November 3, 2011 12:00:00 AM UTC	49.8	50.0	49.4	50.0	380
Friday, November 4, 2011 12:00:00 AM UTC	49.6	50.0	49.6	50.0	331
Saturday, November 5, 2011 12:00:00 AM UTC	50.3	50.5	49.9	50.0	398
Sunday, November 6, 2011 12:00:00 AM UTC	50.0	50.0	49.8	50.0	193
Monday, November 7, 2011 12:00:00 AM UTC	49.9	49.9	49.8	49.8	4
Tuesday, November 8, 2011 12:00:00 AM UTC	49.8	50.0	49.8	49.8	382
Wednesday, November 9, 2011 12:00:00 AM UTC	50.0	50.0	49.8	50.0	140
Thursday, November 10, 2011 12:00:00 AM UTC	49.9	51.0	49.9	50.9	1052
Friday, November 11, 2011 12:00:00 AM UTC	50.9	51.0	50.2	50.3	351
Saturday, November 12, 2011 12:00:00 AM UTC	50.5	53.6	50.4	52.3	1962
Sunday, November 13, 2011 12:00:00 AM UTC	52.2	52.2	51.7	51.7	712
Monday, November 14, 2011 12:00:00 AM UTC	51.8	52.8	51.4	51.4	631
Tuesday, November 15, 2011 12:00:00 AM UTC	51.6	52.6	51.3	51.5	236
Wednesday, November 16, 2011 12:00:00 AM UTC	52.0	52.8	51.5	51.5	120
Thursday, November 17, 2011 12:00:00 AM UTC	52.0	52.0	51.2	51.2	494
Friday, November 18, 2011 12:00:00 AM UTC	51.5	51.5	50.8	51.0	209
Saturday, November 19, 2011 12:00:00 AM UTC	50.7	51.0	50.1	50.5	333
Sunday, November 20, 2011 12:00:00 AM UTC	50.8	51.3	50.8	50.9	621
Monday, November 21, 2011 12:00:00 AM UTC	51.2	51.2	50.9	50.9	38
Tuesday, November 22, 2011 12:00:00 AM UTC	50.8	50.9	50.7	50.9	51
Wednesday, November 23, 2011 12:00:00 AM UTC	50.7	51.0	50.3	51.0	379
Thursday, November 24, 2011 12:00:00 AM UTC	50.8	50.9	50.1	50.4	123
Friday, November 25, 2011 12:00:00 AM UTC	50.5	51.0	50.2	50.7	172
Saturday, November 26, 2011 12:00:00 AM UTC	50.6	50.6	50.4	50.4	63
Sunday, November 27, 2011 12:00:00 AM UTC	50.4	50.5	50.1	50.4	269
Monday, November 28, 2011 12:00:00 AM UTC	50.4	50.9	50.1	50.9	204
Tuesday, November 29, 2011 12:00:00 AM UTC	50.9	50.9	50.1	50.4	190
Wednesday, November 30, 2011 12:00:00 AM UTC	50.4	50.9	50.1	50.5	413
Thursday, December 1, 2011 12:00:00 AM UTC	50.4	50.5	50.1	50.4	498
Friday, December 2, 2011 12:00:00 AM UTC	50.3	50.8	50.0	50.5	319
Saturday, December 3, 2011 12:00:00 AM UTC	50.6	51.1	50.4	50.8	446
Sunday, December 4, 2011 12:00:00 AM UTC	50.8	50.9	50.1	50.1	225
Monday, December 5, 2011 12:00:00 AM UTC	50.5	50.8	50.1	50.1	253
Tuesday, December 6, 2011 12:00:00 AM UTC	51.0	51.0	50.1	50.4	363
Wednesday, December 7, 2011 12:00:00 AM UTC	50.4	50.5	50.1	50.4	261
Thursday, December 8, 2011 12:00:00 AM UTC	50.4	50.5	50.0	50.4	360
Friday, December 9, 2011 12:00:00 AM UTC	50.4	50.4	50.2	50.3	76
Saturday, December 10, 2011 12:00:00 AM UTC	50.3	50.5	50.0	50.0	183
Sunday, December 11, 2011 12:00:00 AM UTC	50.4	50.5	50.1	50.1	88
Monday, December 12, 2011 12:00:00 AM UTC	50.0	50.4	50.0	50.3	196
Tuesday, December 13, 2011 12:00:00 AM UTC	50.4	50.4	50.0	50.1	57
Wednesday, December 14, 2011 12:00:00 AM UTC	50.0	52.2	50.0	51.9	1830
Thursday, December 15, 2011 12:00:00 AM UTC	51.9	51.9	51.1	51.2	223
Friday, December 16, 2011 12:00:00 AM UTC	51.4	51.7	51.2	51.5	197
Saturday, December 17, 2011 12:00:00 AM UTC	51.2	51.9	51.0	51.0	414
Sunday, December 18, 2011 12:00:00 AM UTC	51.0	51.1	51.0	51.0	138
Monday, December 19, 2011 12:00:00 AM UTC	51.5	51.5	50.9	51.4	84
Tuesday, December 20, 2011 12:00:00 AM UTC	51.3	51.9	50.5	50.9	480
Wednesday, December 21, 2011 12:00:00 AM UTC	51.0	51.8	50.5	50.9	359
Thursday, December 22, 2011 12:00:00 AM UTC	51.4	52.2	50.7	51.5	253
Friday, December 23, 2011 12:00:00 AM UTC	51.3	51.9	51.2	51.9	498
Saturday, December 24, 2011 12:00:00 AM UTC	51.8	52.0	51.3	51.3	164
Sunday, December 25, 2011 12:00:00 AM UTC	51.9	52.0	51.9	51.9	144
Monday, December 26, 2011 12:00:00 AM UTC	52.4	52.4	51.8	52.0	252
Tuesday, December 27, 2011 12:00:00 AM UTC	52.0	52.3	51.9	51.9	144
Wednesday, December 28, 2011 12:00:00 AM UTC	51.9	52.0	51.9	52.0	85
Thursday, December 29, 2011 12:00:00 AM UTC	52.0	52.2	52.0	52.0	146
Friday, December 30, 2011 12:00:00 AM UTC	52.1	52.4	51.6	52.0	392
Saturday, December 31, 2011 12:00:00 AM UTC	52.1	52.5	51.2	51.9	315
Sunday, January 1, 2012 12:00:00 AM UTC	52.0	52.0	51.2	51.9	135
Monday, January 2, 2012 12:00:00 AM UTC	51.4	52.0	51.2	52.0	267
Tuesday, January 3, 2012 12:00:00 AM UTC	52.3	52.4	51.1	51.4	222
Wednesday, January 4, 2012 12:00:00 AM UTC	51.4	51.9	50.0	51.3	765
Thursday, January 5, 2012 12:00:00 AM UTC	51.1	51.8	50.9	51.4	502
Friday, January 6, 2012 12:00:00 AM UTC	50.7	52.0	49.9	52.0	2651
Saturday, January 7, 2012 12:00:00 AM UTC	52.0	52.9	51.0	51.4	1703
Sunday, January 8, 2012 12:00:00 AM UTC	51.0	51.2	50.0	50.2	1099
Monday, January 9, 2012 12:00:00 AM UTC	50.8	51.3	50.0	51.0	1017
Tuesday, January 10, 2012 12:00:00 AM UTC	51.0	51.9	50.8	51.9	723
Wednesday, January 11, 2012 12:00:00 AM UTC	51.8	51.9	50.5	50.5	683
Thursday, January 12, 2012 12:00:00 AM UTC	50.8	51.0	50.7	51.0	141
Friday, January 13, 2012 12:00:00 AM UTC	51.0	51.3	50.6	51.3	343
Saturday, January 14, 2012 12:00:00 AM UTC	50.8	52.0	50.6	51.1	1353
Sunday, January 15, 2012 12:00:00 AM UTC	51.4	51.6	51.2	51.4	122
Monday, January 16, 2012 12:00:00 AM UTC	51.5	51.9	51.3	51.9	456
Tuesday, January 17, 2012 12:00:00 AM UTC	51.8	52.0	51.6	51.7	207
Wednesday, January 18, 2012 12:00:00 AM UTC	52.0	52.0	51.4	51.9	785
Thursday, January 19, 2012 12:00:00 AM UTC	51.9	52.0	51.4	51.9	1025
Friday, January 20, 2012 12:00:00 AM UTC	51.9	53.9	51.4	51.9	1687
Saturday, January 21, 2012 12:00:00 AM UTC	52.0	54.6	51.9	53.4	1564
Sunday, January 22, 2012 12:00:00 AM UTC	53.5	55.0	53.1	54.9	1139
Monday, January 23, 2012 12:00:00 AM UTC	53.8	56.0	53.2	55.9	1674
Tuesday, January 24, 2012 12:00:00 AM UTC	55.9	56.9	54.5	54.9	1052
Wednesday, January 25, 2012 12:00:00 AM UTC	55.5	56.7	55.3	55.9	1414
Thursday, January 26, 2012 12:00:00 AM UTC	56.4	56.9	54.4	55.0	1071
Friday, January 27, 2012 12:00:00 AM UTC	55.9	56.0	53.4	55.0	522
Saturday, January 28, 2012 12:00:00 AM UTC	54.1	55.7	53.2	54.0	1055
Sunday, January 29, 2012 12:00:00 AM UTC	54.2	55.0	54.0	54.8	375
Monday, January 30, 2012 12:00:00 AM UTC	54.6	54.9	52.9	54.4	832
Tuesday, January 31, 2012 12:00:00 AM UTC	53.0	54.7	53.0	54.0	1379
Wednesday, February 1, 2012 12:00:00 AM UTC	54.0	54.8	53.8	54.8	761
Thursday, February 2, 2012 12:00:00 AM UTC	54.8	56.0	54.0	55.4	1907
Friday, February 3, 2012 12:00:00 AM UTC	55.3	56.5	55.3	55.6	1171
Saturday, February 4, 2012 12:00:00 AM UTC	55.4	57.4	55.3	56.5	1191
Sunday, February 5, 2012 12:00:00 AM UTC	56.8	57.1	56.4	56.6	718
Monday, February 6, 2012 12:00:00 AM UTC	56.6	57.5	56.6	56.9	325
Tuesday, February 7, 2012 12:00:00 AM UTC	57.2	58.3	56.4	58.0	813
Wednesday, February 8, 2012 12:00:00 AM UTC	57.6	60.5	57.6	59.2	4270
Thursday, February 9, 2012 12:00:00 AM UTC	59.5	61.4	59.5	60.7	2608
Friday, February 10, 2012 12:00:00 AM UTC	60.6	61.0	59.8	60.0	1309
Saturday, February 11, 2012 12:00:00 AM UTC	60.2	60.5	58.5	58.8	2022
Sunday, February 12, 2012 12:00:00 AM UTC	59.5	60.0	57.3	59.0	1796
Monday, February 13, 2012 12:00:00 AM UTC	59.0	59.5	58.7	59.5	768
Tuesday, February 14, 2012 12:00:00 AM UTC	59.4	60.2	59.0	59.7	757
Wednesday, February 15, 2012 12:00:00 AM UTC	59.9	61.4	57.5	59.9	1732
Thursday, February 16, 2012 12:00:00 AM UTC	59.5	60.5	58.7	60.2	1075
Friday, February 17, 2012 12:00:00 AM UTC	60.2	60.3	58.2	58.2	1312
Saturday, February 18, 2012 12:00:00 AM UTC	59.6	60.3	58.9	59.8	385
Sunday, February 19, 2012 12:00:00 AM UTC	59.8	59.8	58.0	59.4	1162
Monday, February 20, 2012 12:00:00 AM UTC	59.5	59.9	59.2	59.5	346
Tuesday, February 21, 2012 12:00:00 AM UTC	59.4	59.9	58.5	59.4	724
Wednesday, February 22, 2012 12:00:00 AM UTC	59.5	59.8	58.6	59.5	1192
Thursday, February 23, 2012 12:00:00 AM UTC	59.5	61.9	59.4	60.2	3701
Friday, February 24, 2012 12:00:00 AM UTC	60.2	60.7	59.8	60.5	949
Saturday, February 25, 2012 12:00:00 AM UTC	60.5	61.0	59.8	60.6	1866
Sunday, February 26, 2012 12:00:00 AM UTC	60.6	61.0	59.9	61.0	198
Monday, February 27, 2012 12:00:00 AM UTC	60.4	60.9	60.3	60.3	272
Tuesday, February 28, 2012 12:00:00 AM UTC	60.3	61.9	60.0	61.0	2443
Wednesday, February 29, 2012 12:00:00 AM UTC	60.9	62.9	60.1	60.1	3738
Thursday, March 1, 2012 12:00:00 AM UTC	60.8	61.0	60.2	60.9	609
Friday, March 2, 2012 12:00:00 AM UTC	60.6	60.9	59.0	59.8	2388
Saturday, March 3, 2012 12:00:00 AM UTC	59.8	60.0	59.3	60.0	493
Sunday, March 4, 2012 12:00:00 AM UTC	60.0	60.8	59.5	60.1	2210
Monday, March 5, 2012 12:00:00 AM UTC	60.1	60.7	59.5	59.5	667
Tuesday, March 6, 2012 12:00:00 AM UTC	59.5	60.2	59.5	60.2	1139
Wednesday, March 7, 2012 12:00:00 AM UTC	60.3	60.8	59.8	60.0	2611
Thursday, March 8, 2012 12:00:00 AM UTC	60.0	60.9	60.0	60.4	1390
Friday, March 9, 2012 12:00:00 AM UTC	60.5	61.4	60.2	61.0	1843
Saturday, March 10, 2012 12:00:00 AM UTC	61.5	61.6	61.0	61.0	816
Sunday, March 11, 2012 12:00:00 AM UTC	61.0	61.6	60.9	61.2	382
Monday, March 12, 2012 12:00:00 AM UTC	61.2	61.4	60.8	61.4	914
Tuesday, March 13, 2012 12:00:00 AM UTC	61.0	61.4	60.0	60.3	628
Wednesday, March 14, 2012 12:00:00 AM UTC	60.3	61.3	59.7	60.2	2334
Thursday, March 15, 2012 12:00:00 AM UTC	60.9	62.9	60.1	61.2	2372
Friday, March 16, 2012 12:00:00 AM UTC	61.2	61.8	60.0	60.5	517
Saturday, March 17, 2012 12:00:00 AM UTC	60.5	60.8	59.7	59.9	374
Sunday, March 18, 2012 12:00:00 AM UTC	60.0	60.5	59.7	60.5	402
Monday, March 19, 2012 12:00:00 AM UTC	60.8	60.8	59.5	59.7	235
Tuesday, March 20, 2012 12:00:00 AM UTC	59.9	60.1	59.1	59.5	1025
Wednesday, March 21, 2012 12:00:00 AM UTC	60.1	60.7	59.5	60.1	819
Thursday, March 22, 2012 12:00:00 AM UTC	59.6	60.3	59.3	60.3	894
Friday, March 23, 2012 12:00:00 AM UTC	60.3	60.4	59.2	59.9	869
Saturday, March 24, 2012 12:00:00 AM UTC	59.6	60.4	59.5	60.3	1067
Sunday, March 25, 2012 12:00:00 AM UTC	60.4	60.4	59.7	59.9	934
Monday, March 26, 2012 12:00:00 AM UTC	60.0	60.0	59.7	60.0	1311
Tuesday, March 27, 2012 12:00:00 AM UTC	59.9	60.1	59.6	59.7	1477
Wednesday, March 28, 2012 12:00:00 AM UTC	59.7	59.9	59.4	59.5	1472
Thursday, March 29, 2012 12:00:00 AM UTC	59.6	60.0	59.4	60.0	792
Friday, March 30, 2012 12:00:00 AM UTC	59.8	60.5	59.8	60.4	854
Saturday, March 31, 2012 12:00:00 AM UTC	60.1	60.4	59.5	60.2	889
Sunday, April 1, 2012 12:00:00 AM UTC	60.4	60.8	60.2	60.8	589
Monday, April 2, 2012 12:00:00 AM UTC	60.7	60.9	60.4	60.8	782
Tuesday, April 3, 2012 12:00:00 AM UTC	60.4	60.7	60.0	60.4	407
Wednesday, April 4, 2012 12:00:00 AM UTC	60.3	60.8	60.2	60.8	2103
Thursday, April 5, 2012 12:00:00 AM UTC	60.8	61.0	60.3	60.7	1927
Friday, April 6, 2012 12:00:00 AM UTC	60.6	61.3	60.3	60.3	2166
Saturday, April 7, 2012 12:00:00 AM UTC	60.6	61.1	60.1	60.7	1327
Sunday, April 8, 2012 12:00:00 AM UTC	60.3	60.5	60.3	60.3	318
Monday, April 9, 2012 12:00:00 AM UTC	60.3	60.7	60.2	60.3	271
Tuesday, April 10, 2012 12:00:00 AM UTC	60.3	60.8	60.3	60.6	623
Wednesday, April 11, 2012 12:00:00 AM UTC	60.5	61.0	59.9	60.7	6143
Thursday, April 12, 2012 12:00:00 AM UTC	60.7	60.9	60.3	60.7	3973
Friday, April 13, 2012 12:00:00 AM UTC	60.8	60.9	60.6	60.8	958
Saturday, April 14, 2012 12:00:00 AM UTC	60.9	61.0	60.7	60.7	1241
Sunday, April 15, 2012 12:00:00 AM UTC	60.8	60.9	60.7	60.9	379
Monday, April 16, 2012 12:00:00 AM UTC	60.8	61.4	60.7	61.4	1696
Tuesday, April 17, 2012 12:00:00 AM UTC	61.0	61.3	61.0	61.2	1504
Wednesday, April 18, 2012 12:00:00 AM UTC	61.3	61.5	60.4	60.8	4958
Thursday, April 19, 2012 12:00:00 AM UTC	60.7	60.9	60.5	60.5	2309
Friday, April 20, 2012 12:00:00 AM UTC	60.5	60.7	60.0	60.4	2118
Saturday, April 21, 2012 12:00:00 AM UTC	60.4	60.5	60.0	60.1	1006
Sunday, April 22, 2012 12:00:00 AM UTC	60.1	60.3	59.8	60.3	714
Monday, April 23, 2012 12:00:00 AM UTC	59.8	60.4	59.6	59.8	268
Tuesday, April 24, 2012 12:00:00 AM UTC	59.9	60.4	58.7	59.7	2306
Wednesday, April 25, 2012 12:00:00 AM UTC	59.7	60.3	59.6	60.2	2735
Thursday, April 26, 2012 12:00:00 AM UTC	60.1	60.4	60.0	60.3	1069
Friday, April 27, 2012 12:00:00 AM UTC	60.0	60.3	60.0	60.2	1038
Saturday, April 28, 2012 12:00:00 AM UTC	60.1	60.4	59.7	59.7	1793
Sunday, April 29, 2012 12:00:00 AM UTC	59.6	60.0	59.3	59.6	1829
Monday, April 30, 2012 12:00:00 AM UTC	59.6	60.0	59.6	59.7	1353
Tuesday, May 1, 2012 12:00:00 AM UTC	59.8	60.0	59.6	59.9	965
Wednesday, May 2, 2012 12:00:00 AM UTC	59.9	60.0	59.7	59.9	679
Thursday, May 3, 2012 12:00:00 AM UTC	59.9	60.2	59.8	59.8	1547
Friday, May 4, 2012 12:00:00 AM UTC	60.0	60.1	59.7	59.7	801
Saturday, May 5, 2012 12:00:00 AM UTC	60.0	60.0	59.4	59.5	1599
Sunday, May 6, 2012 12:00:00 AM UTC	59.5	59.9	59.5	59.7	434
Monday, May 7, 2012 12:00:00 AM UTC	59.9	60.1	59.5	60.0	1087
Tuesday, May 8, 2012 12:00:00 AM UTC	60.0	60.0	59.3	59.6	1670
Wednesday, May 9, 2012 12:00:00 AM UTC	59.4	59.8	59.1	59.2	1279
Thursday, May 10, 2012 12:00:00 AM UTC	59.7	60.4	59.6	59.7	1155
Friday, May 11, 2012 12:00:00 AM UTC	59.9	59.9	59.0	59.2	1368
Saturday, May 12, 2012 12:00:00 AM UTC	59.3	59.9	58.5	58.5	2014
Sunday, May 13, 2012 12:00:00 AM UTC	59.3	59.3	59.0	59.3	317
Monday, May 14, 2012 12:00:00 AM UTC	59.1	60.0	58.7	58.9	1021
Tuesday, May 15, 2012 12:00:00 AM UTC	58.8	59.4	58.6	59.1	537
Wednesday, May 16, 2012 12:00:00 AM UTC	59.0	59.4	57.0	57.3	3086
Thursday, May 17, 2012 12:00:00 AM UTC	57.7	58.6	57.7	58.4	1083
Friday, May 18, 2012 12:00:00 AM UTC	58.4	58.6	57.5	58.0	957
Saturday, May 19, 2012 12:00:00 AM UTC	58.0	58.0	56.8	57.0	2184
Sunday, May 20, 2012 12:00:00 AM UTC	57.0	58.2	56.8	56.8	1170
Monday, May 21, 2012 12:00:00 AM UTC	57.0	57.3	55.9	56.0	1399
Tuesday, May 22, 2012 12:00:00 AM UTC	56.6	60.9	55.7	56.0	3537
Wednesday, May 23, 2012 12:00:00 AM UTC	57.2	58.9	57.2	58.7	2979
Thursday, May 24, 2012 12:00:00 AM UTC	58.9	58.9	57.7	58.7	3488
Friday, May 25, 2012 12:00:00 AM UTC	58.1	58.1	57.6	57.9	2601
Saturday, May 26, 2012 12:00:00 AM UTC	57.9	58.0	57.1	57.9	1848
Sunday, May 27, 2012 12:00:00 AM UTC	57.9	57.9	57.2	57.5	340
Monday, May 28, 2012 12:00:00 AM UTC	57.5	57.8	57.4	57.6	504
Tuesday, May 29, 2012 12:00:00 AM UTC	57.8	58.9	57.4	58.1	1419
Wednesday, May 30, 2012 12:00:00 AM UTC	57.9	58.1	57.0	57.6	2855
Thursday, May 31, 2012 12:00:00 AM UTC	57.7	57.8	56.4	57.7	1991
Friday, June 1, 2012 12:00:00 AM UTC	57.0	57.5	56.1	56.6	3021
Saturday, June 2, 2012 12:00:00 AM UTC	56.6	56.6	53.9	54.1	7927
Sunday, June 3, 2012 12:00:00 AM UTC	53.9	55.2	53.1	53.2	2774
Monday, June 4, 2012 12:00:00 AM UTC	53.7	54.0	52.5	53.3	1812
Tuesday, June 5, 2012 12:00:00 AM UTC	53.7	54.3	53.3	53.5	1091
Wednesday, June 6, 2012 12:00:00 AM UTC	53.8	53.9	50.5	52.3	7206
Thursday, June 7, 2012 12:00:00 AM UTC	52.4	53.4	52.0	52.6	2909
Friday, June 8, 2012 12:00:00 AM UTC	52.6	53.7	52.6	53.3	2910
Saturday, June 9, 2012 12:00:00 AM UTC	53.6	54.0	53.3	53.6	1320
Sunday, June 10, 2012 12:00:00 AM UTC	53.6	54.0	53.5	53.5	430
Monday, June 11, 2012 12:00:00 AM UTC	53.5	53.6	53.3	53.3	305
Tuesday, June 12, 2012 12:00:00 AM UTC	53.3	53.9	53.1	53.6	1256
Wednesday, June 13, 2012 12:00:00 AM UTC	53.6	54.0	52.6	52.8	3644
Thursday, June 14, 2012 12:00:00 AM UTC	53.1	53.2	52.5	52.9	2018
Friday, June 15, 2012 12:00:00 AM UTC	53.0	53.1	52.7	52.9	899
Saturday, June 16, 2012 12:00:00 AM UTC	53.0	53.4	52.1	52.8	1838
Sunday, June 17, 2012 12:00:00 AM UTC	52.9	52.9	52.4	52.7	1148
Monday, June 18, 2012 12:00:00 AM UTC	52.6	53.0	52.5	52.9	1082
Tuesday, June 19, 2012 12:00:00 AM UTC	52.9	54.0	52.4	52.4	3018
Wednesday, June 20, 2012 12:00:00 AM UTC	52.6	53.9	52.5	53.0	1067
Thursday, June 21, 2012 12:00:00 AM UTC	53.0	54.0	52.9	53.6	2163
Friday, June 22, 2012 12:00:00 AM UTC	53.6	53.9	53.4	53.8	743
Saturday, June 23, 2012 12:00:00 AM UTC	53.7	54.5	53.7	54.0	607
Sunday, June 24, 2012 12:00:00 AM UTC	54.0	54.1	52.9	53.9	1754
Monday, June 25, 2012 12:00:00 AM UTC	53.9	53.9	53.7	53.9	39
Tuesday, June 26, 2012 12:00:00 AM UTC	53.9	53.9	52.5	53.5	2059
Wednesday, June 27, 2012 12:00:00 AM UTC	53.5	54.2	53.3	54.0	1901
Thursday, June 28, 2012 12:00:00 AM UTC	53.9	55.0	53.4	55.0	2771
Friday, June 29, 2012 12:00:00 AM UTC	53.9	55.9	53.8	54.2	3230
Saturday, June 30, 2012 12:00:00 AM UTC	54.2	55.4	53.5	54.7	1967
Sunday, July 1, 2012 12:00:00 AM UTC	54.8	55.7	54.7	55.1	996
Monday, July 2, 2012 12:00:00 AM UTC	55.4	55.8	55.2	55.7	1106
Tuesday, July 3, 2012 12:00:00 AM UTC	55.8	56.0	55.0	55.9	2313
Wednesday, July 4, 2012 12:00:00 AM UTC	55.9	56.4	55.7	56.4	1763
Thursday, July 5, 2012 12:00:00 AM UTC	56.3	56.5	55.9	56.3	1480
Friday, July 6, 2012 12:00:00 AM UTC	56.3	56.7	56.0	56.4	2111
Saturday, July 7, 2012 12:00:00 AM UTC	56.4	56.9	55.0	55.9	2402
Sunday, July 8, 2012 12:00:00 AM UTC	55.9	56.4	55.8	56.3	144
Monday, July 9, 2012 12:00:00 AM UTC	56.2	56.3	56.0	56.3	623
Tuesday, July 10, 2012 12:00:00 AM UTC	56.4	56.5	55.8	56.0	1604
Wednesday, July 11, 2012 12:00:00 AM UTC	56.4	56.4	55.5	55.6	782
Thursday, July 12, 2012 12:00:00 AM UTC	56.0	56.0	55.2	55.7	973
Friday, July 13, 2012 12:00:00 AM UTC	55.7	55.8	55.0	55.0	1283
Saturday, July 14, 2012 12:00:00 AM UTC	55.6	55.7	54.9	55.4	1277
Sunday, July 15, 2012 12:00:00 AM UTC	55.3	55.7	54.6	55.2	883
Monday, July 16, 2012 12:00:00 AM UTC	55.3	55.7	55.0	55.5	559
Tuesday, July 17, 2012 12:00:00 AM UTC	55.6	56.0	54.9	55.7	2434
Wednesday, July 18, 2012 12:00:00 AM UTC	55.8	56.5	55.5	56.2	2551
Thursday, July 19, 2012 12:00:00 AM UTC	56.3	58.0	55.6	57.6	7748
Friday, July 20, 2012 12:00:00 AM UTC	57.7	57.9	56.2	56.5	1814
Saturday, July 21, 2012 12:00:00 AM UTC	57.0	59.5	57.0	59.0	5262
Sunday, July 22, 2012 12:00:00 AM UTC	60.0	60.4	58.6	59.5	7169
Monday, July 23, 2012 12:00:00 AM UTC	59.8	59.9	58.3	58.8	1468
Tuesday, July 24, 2012 12:00:00 AM UTC	59.3	59.6	57.5	57.8	1732
Wednesday, July 25, 2012 12:00:00 AM UTC	59.0	59.0	57.0	57.1	1981
Thursday, July 26, 2012 12:00:00 AM UTC	57.3	57.8	56.9	56.9	2823
Friday, July 27, 2012 12:00:00 AM UTC	57.0	58.0	56.4	57.2	3531
Saturday, July 28, 2012 12:00:00 AM UTC	57.1	57.7	56.4	56.9	1611
Sunday, July 29, 2012 12:00:00 AM UTC	57.2	57.4	56.9	57.3	849
Monday, July 30, 2012 12:00:00 AM UTC	57.4	57.6	57.0	57.0	385
Tuesday, July 31, 2012 12:00:00 AM UTC	57.5	57.7	56.8	57.2	1391
Wednesday, August 1, 2012 12:00:00 AM UTC	57.2	57.7	56.9	57.5	1696
Thursday, August 2, 2012 12:00:00 AM UTC	57.4	58.5	57.4	58.2	3463
Friday, August 3, 2012 12:00:00 AM UTC	58.0	58.4	57.6	58.4	2295
Saturday, August 4, 2012 12:00:00 AM UTC	58.5	58.5	57.6	58.0	3061
Sunday, August 5, 2012 12:00:00 AM UTC	57.9	58.3	57.9	58.3	1904
Monday, August 6, 2012 12:00:00 AM UTC	58.2	58.3	57.7	58.2	1450
Tuesday, August 7, 2012 12:00:00 AM UTC	58.2	58.3	57.6	57.9	4263
Wednesday, August 8, 2012 12:00:00 AM UTC	58.1	58.5	57.6	58.0	4359
Thursday, August 9, 2012 12:00:00 AM UTC	58.0	59.6	57.9	59.6	3428
Friday, August 10, 2012 12:00:00 AM UTC	59.6	59.9	58.5	58.8	3457
Saturday, August 11, 2012 12:00:00 AM UTC	58.8	60.3	57.5	58.3	5054
Sunday, August 12, 2012 12:00:00 AM UTC	58.9	60.0	57.7	58.9	6042
Monday, August 13, 2012 12:00:00 AM UTC	58.9	59.8	57.8	58.3	5716
Tuesday, August 14, 2012 12:00:00 AM UTC	59.1	59.1	56.3	57.3	9132
Wednesday, August 15, 2012 12:00:00 AM UTC	57.5	58.0	56.2	57.1	9671
Thursday, August 16, 2012 12:00:00 AM UTC	56.9	57.5	56.3	56.9	6537
Friday, August 17, 2012 12:00:00 AM UTC	56.9	57.1	55.7	56.8	8612
Saturday, August 18, 2012 12:00:00 AM UTC	56.8	59.0	56.0	57.0	8366
Sunday, August 19, 2012 12:00:00 AM UTC	56.6	57.2	56.6	57.0	2077
Monday, August 20, 2012 12:00:00 AM UTC	57.0	57.6	56.8	57.4	3475
Tuesday, August 21, 2012 12:00:00 AM UTC	57.7	58.1	56.9	57.5	9243
Wednesday, August 22, 2012 12:00:00 AM UTC	57.5	57.9	56.8	57.4	7961
Thursday, August 23, 2012 12:00:00 AM UTC	57.4	57.6	56.9	57.3	4962
Friday, August 24, 2012 12:00:00 AM UTC	57.2	57.5	56.9	57.1	6939
Saturday, August 25, 2012 12:00:00 AM UTC	57.2	57.4	56.9	56.9	5502
Sunday, August 26, 2012 12:00:00 AM UTC	56.9	57.2	56.2	56.4	3085
Monday, August 27, 2012 12:00:00 AM UTC	56.5	56.8	55.5	55.7	7589
Tuesday, August 28, 2012 12:00:00 AM UTC	55.7	56.0	55.4	56.0	3852
Wednesday, August 29, 2012 12:00:00 AM UTC	56.0	56.8	55.1	56.6	15643
Thursday, August 30, 2012 12:00:00 AM UTC	56.2	57.4	54.8	55.7	15082
Friday, August 31, 2012 12:00:00 AM UTC	55.5	57.0	55.0	57.0	16426
Saturday, September 1, 2012 12:00:00 AM UTC	56.8	58.6	55.6	58.4	21889
Sunday, September 2, 2012 12:00:00 AM UTC	57.9	58.3	57.3	58.0	5155
Monday, September 3, 2012 12:00:00 AM UTC	57.85	57.9	57.2	57.9	3292
Tuesday, September 4, 2012 12:00:00 AM UTC	57.9	58.8	57.5	58.4	13863
Wednesday, September 5, 2012 12:00:00 AM UTC	58.4	58.7	57.8	58.5	7631
Thursday, September 6, 2012 12:00:00 AM UTC	58.6	59.9	58.1	58.8	15547
Friday, September 7, 2012 12:00:00 AM UTC	59.6	59.7	57.6	58.7	25142
Saturday, September 8, 2012 12:00:00 AM UTC	58.3	59.0	57.1	58.0	38574
Sunday, September 9, 2012 12:00:00 AM UTC	58.2	58.2	56.6	57.6	17805
Monday, September 10, 2012 12:00:00 AM UTC	57.3	58.4	57.3	58.2	11311
Tuesday, September 11, 2012 12:00:00 AM UTC	58.2	60.9	58.2	60.3	29927
Wednesday, September 12, 2012 12:00:00 AM UTC	60.2	61.8	59.5	61.0	18877
Thursday, September 13, 2012 12:00:00 AM UTC	61.3	63.9	61.0	63.2	30359
Friday, September 14, 2012 12:00:00 AM UTC	63.1	65.0	62.6	64.8	27315
Saturday, September 15, 2012 12:00:00 AM UTC	64.9	67.5	64.4	66.9	39948
Sunday, September 16, 2012 12:00:00 AM UTC	66.9	67.1	65.1	66.3	9540
Monday, September 17, 2012 12:00:00 AM UTC	66.7	67.1	64.0	66.4	9905
Tuesday, September 18, 2012 12:00:00 AM UTC	66.1	67.5	65.6	67.2	30038
Wednesday, September 19, 2012 12:00:00 AM UTC	67.3	68.4	67.2	68.3	22550
Thursday, September 20, 2012 12:00:00 AM UTC	68.3	69.2	66.4	67.5	18972
Friday, September 21, 2012 12:00:00 AM UTC	67.9	70.5	67.7	69.9	15687
Saturday, September 22, 2012 12:00:00 AM UTC	70.2	73.3	69.3	70.0	31892
Sunday, September 23, 2012 12:00:00 AM UTC	71.9	71.9	69.6	70.1	9269
Monday, September 24, 2012 12:00:00 AM UTC	70.9	71.6	70.0	71.1	4226
Tuesday, September 25, 2012 12:00:00 AM UTC	70.9	73.0	70.0	72.5	25996
Wednesday, September 26, 2012 12:00:00 AM UTC	72.5	73.5	72.0	73.2	23998
Thursday, September 27, 2012 12:00:00 AM UTC	73.3	76.5	73.0	75.4	43042
Friday, September 28, 2012 12:00:00 AM UTC	75.1	78.1	74.6	78.1	23932
Saturday, September 29, 2012 12:00:00 AM UTC	78.1	79.5	77.2	78.9	17528
Sunday, September 30, 2012 12:00:00 AM UTC	78.6	79.0	78.3	78.7	4459
Monday, October 1, 2012 12:00:00 AM UTC	78.3	78.6	75.0	76.3	10638
Tuesday, October 2, 2012 12:00:00 AM UTC	76.3	79.0	73.8	74.5	31776
Wednesday, October 3, 2012 12:00:00 AM UTC	74.5	75.7	73.5	74.0	26381
Thursday, October 4, 2012 12:00:00 AM UTC	74.3	74.4	65.0	66.9	88229
Friday, October 5, 2012 12:00:00 AM UTC	66.9	69.9	64.1	66.0	47874
Saturday, October 6, 2012 12:00:00 AM UTC	66.0	71.0	64.5	67.8	34862
Sunday, October 7, 2012 12:00:00 AM UTC	67.8	67.8	63.1	64.8	30192
Monday, October 8, 2012 12:00:00 AM UTC	64.8	64.9	62.5	63.5	9916
Tuesday, October 9, 2012 12:00:00 AM UTC	63.5	67.8	62.6	63.8	37198
Wednesday, October 10, 2012 12:00:00 AM UTC	63.1	64.4	58.6	62.9	46996
Thursday, October 11, 2012 12:00:00 AM UTC	62.42	65.1	60.5	61.9	48795
Friday, October 12, 2012 12:00:00 AM UTC	62.3	64.3	60.9	63.3	57603
Saturday, October 13, 2012 12:00:00 AM UTC	63.3	63.9	58.6	58.8	67133
Sunday, October 14, 2012 12:00:00 AM UTC	59.4	61.7	58.1	61.7	32403
Monday, October 15, 2012 12:00:00 AM UTC	61.7	62.5	60.6	62.3	10347
Tuesday, October 16, 2012 12:00:00 AM UTC	62.5	63.0	61.0	62.4	23199
Wednesday, October 17, 2012 12:00:00 AM UTC	61.9	65.3	60.3	63.5	67558
Thursday, October 18, 2012 12:00:00 AM UTC	63.9	66.2	63.1	65.0	42099
Friday, October 19, 2012 12:00:00 AM UTC	64.9	65.9	61.9	62.2	40632
Saturday, October 20, 2012 12:00:00 AM UTC	62.4	62.5	60.0	61.9	36298
Sunday, October 21, 2012 12:00:00 AM UTC	62.0	62.5	60.9	61.1	15337
Monday, October 22, 2012 12:00:00 AM UTC	61.3	61.8	60.7	61.5	12817
Tuesday, October 23, 2012 12:00:00 AM UTC	61.7	61.9	58.0	60.8	64970
Wednesday, October 24, 2012 12:00:00 AM UTC	60.8	61.3	52.0	55.1	73837
Thursday, October 25, 2012 12:00:00 AM UTC	55.1	60.4	53.9	59.7	51534
Friday, October 26, 2012 12:00:00 AM UTC	59.23	64.3	58.2	62.1	70967
Saturday, October 27, 2012 12:00:00 AM UTC	62.8	65.0	60.6	63.9	61086
Sunday, October 28, 2012 12:00:00 AM UTC	63.5	64.0	62.5	63.7	31542
Monday, October 29, 2012 12:00:00 AM UTC	63.7	63.9	62.2	62.2	39321
Tuesday, October 30, 2012 12:00:00 AM UTC	63.0	63.2	61.0	62.1	39697
Wednesday, October 31, 2012 12:00:00 AM UTC	62.1	64.1	61.6	64.1	96965
Thursday, November 1, 2012 12:00:00 AM UTC	63.9	69.5	63.8	68.6	128892
Friday, November 2, 2012 12:00:00 AM UTC	68.6	69.3	63.9	66.3	158458
Saturday, November 3, 2012 12:00:00 AM UTC	66.31	68.9	65.7	66.5	147333
Sunday, November 4, 2012 12:00:00 AM UTC	67.07	67.9	65.0	66.1	88075
Monday, November 5, 2012 12:00:00 AM UTC	66.4	66.7	62.5	65.8	109370
Tuesday, November 6, 2012 12:00:00 AM UTC	65.8	70.4	65.1	68.2	292513
Wednesday, November 7, 2012 12:00:00 AM UTC	0.0	0.0	0.0	100.0	2402308
